<?xml version="1.0" encoding="UTF-8"?>
<deploy xmlns="http://www.apache.org/ode/schemas/dd/2007/03" xmlns:bpel="http://bpel.globalbooks.com/">
  <process name="bpel:PlaceOrderProcess">
    <active>true</active>
    <provide partnerLink="client">
      <service name="bpel:PlaceOrderService" port="PlaceOrderServicePort"/>
    </provide>
    <invoke partnerLink="catalogService">
      <service name="catalog:CatalogService" port="CatalogServicePort" xmlns:catalog="http://catalog.globalbooks.com/"/>
    </invoke>
  </process>
</deploy>
